source_meta_package	dependency_type	package	raw_dependency	selected_by_upstream_installer	source_file
illogical-impulse-audio	depends	cava	cava	yes	upstream/illogical-impulse-system/sdata/dist-arch/illogical-impulse-audio/PKGBUILD
illogical-impulse-audio	depends	libdbusmenu-gtk3	libdbusmenu-gtk3	yes	upstream/illogical-impulse-system/sdata/dist-arch/illogical-impulse-audio/PKGBUILD
illogical-impulse-audio	depends	pavucontrol-qt	pavucontrol-qt	yes	upstream/illogical-impulse-system/sdata/dist-arch/illogical-impulse-audio/PKGBUILD
illogical-impulse-audio	depends	pipewire-pulse	pipewire-pulse	yes	upstream/illogical-impulse-system/sdata/dist-arch/illogical-impulse-audio/PKGBUILD
illogical-impulse-audio	depends	playerctl	playerctl	yes	upstream/illogical-impulse-system/sdata/dist-arch/illogical-impulse-audio/PKGBUILD
illogical-impulse-audio	depends	wireplumber	wireplumber	yes	upstream/illogical-impulse-system/sdata/dist-arch/illogical-impulse-audio/PKGBUILD
illogical-impulse-backlight	depends	brightnessctl	brightnessctl	yes	upstream/illogical-impulse-system/sdata/dist-arch/illogical-impulse-backlight/PKGBUILD
illogical-impulse-backlight	depends	ddcutil	ddcutil	yes	upstream/illogical-impulse-system/sdata/dist-arch/illogical-impulse-backlight/PKGBUILD
illogical-impulse-backlight	depends	geoclue	geoclue	yes	upstream/illogical-impulse-system/sdata/dist-arch/illogical-impulse-backlight/PKGBUILD
illogical-impulse-basic	depends	bc	bc	yes	upstream/illogical-impulse-system/sdata/dist-arch/illogical-impulse-basic/PKGBUILD
illogical-impulse-basic	depends	cliphist	cliphist	yes	upstream/illogical-impulse-system/sdata/dist-arch/illogical-impulse-basic/PKGBUILD
illogical-impulse-basic	depends	cmake	cmake	yes	upstream/illogical-impulse-system/sdata/dist-arch/illogical-impulse-basic/PKGBUILD
illogical-impulse-basic	depends	coreutils	coreutils	yes	upstream/illogical-impulse-system/sdata/dist-arch/illogical-impulse-basic/PKGBUILD
illogical-impulse-basic	depends	curl	curl	yes	upstream/illogical-impulse-system/sdata/dist-arch/illogical-impulse-basic/PKGBUILD
illogical-impulse-basic	depends	go-yq	go-yq	yes	upstream/illogical-impulse-system/sdata/dist-arch/illogical-impulse-basic/PKGBUILD
illogical-impulse-basic	depends	jq	jq	yes	upstream/illogical-impulse-system/sdata/dist-arch/illogical-impulse-basic/PKGBUILD
illogical-impulse-basic	depends	ripgrep	ripgrep	yes	upstream/illogical-impulse-system/sdata/dist-arch/illogical-impulse-basic/PKGBUILD
illogical-impulse-basic	depends	rsync	rsync	yes	upstream/illogical-impulse-system/sdata/dist-arch/illogical-impulse-basic/PKGBUILD
illogical-impulse-basic	depends	wget	wget	yes	upstream/illogical-impulse-system/sdata/dist-arch/illogical-impulse-basic/PKGBUILD
illogical-impulse-basic	depends	xdg-user-dirs	xdg-user-dirs	yes	upstream/illogical-impulse-system/sdata/dist-arch/illogical-impulse-basic/PKGBUILD
illogical-impulse-fonts-themes	depends	adw-gtk-theme-git	adw-gtk-theme-git	yes	upstream/illogical-impulse-system/sdata/dist-arch/illogical-impulse-fonts-themes/PKGBUILD
illogical-impulse-fonts-themes	depends	breeze	breeze	yes	upstream/illogical-impulse-system/sdata/dist-arch/illogical-impulse-fonts-themes/PKGBUILD
illogical-impulse-fonts-themes	depends	breeze-plus	breeze-plus	yes	upstream/illogical-impulse-system/sdata/dist-arch/illogical-impulse-fonts-themes/PKGBUILD
illogical-impulse-fonts-themes	depends	darkly-bin	darkly-bin	yes	upstream/illogical-impulse-system/sdata/dist-arch/illogical-impulse-fonts-themes/PKGBUILD
illogical-impulse-fonts-themes	depends	eza	eza	yes	upstream/illogical-impulse-system/sdata/dist-arch/illogical-impulse-fonts-themes/PKGBUILD
illogical-impulse-fonts-themes	depends	fish	fish	yes	upstream/illogical-impulse-system/sdata/dist-arch/illogical-impulse-fonts-themes/PKGBUILD
illogical-impulse-fonts-themes	depends	fontconfig	fontconfig	yes	upstream/illogical-impulse-system/sdata/dist-arch/illogical-impulse-fonts-themes/PKGBUILD
illogical-impulse-fonts-themes	depends	kitty	kitty	yes	upstream/illogical-impulse-system/sdata/dist-arch/illogical-impulse-fonts-themes/PKGBUILD
illogical-impulse-fonts-themes	depends	matugen	matugen	yes	upstream/illogical-impulse-system/sdata/dist-arch/illogical-impulse-fonts-themes/PKGBUILD
illogical-impulse-fonts-themes	depends	otf-space-grotesk	otf-space-grotesk	yes	upstream/illogical-impulse-system/sdata/dist-arch/illogical-impulse-fonts-themes/PKGBUILD
illogical-impulse-fonts-themes	depends	starship	starship	yes	upstream/illogical-impulse-system/sdata/dist-arch/illogical-impulse-fonts-themes/PKGBUILD
illogical-impulse-fonts-themes	depends	ttf-jetbrains-mono-nerd	ttf-jetbrains-mono-nerd	yes	upstream/illogical-impulse-system/sdata/dist-arch/illogical-impulse-fonts-themes/PKGBUILD
illogical-impulse-fonts-themes	depends	ttf-material-symbols-variable-git	ttf-material-symbols-variable-git	yes	upstream/illogical-impulse-system/sdata/dist-arch/illogical-impulse-fonts-themes/PKGBUILD
illogical-impulse-fonts-themes	depends	ttf-readex-pro	ttf-readex-pro	yes	upstream/illogical-impulse-system/sdata/dist-arch/illogical-impulse-fonts-themes/PKGBUILD
illogical-impulse-fonts-themes	depends	ttf-rubik-vf	ttf-rubik-vf	yes	upstream/illogical-impulse-system/sdata/dist-arch/illogical-impulse-fonts-themes/PKGBUILD
illogical-impulse-fonts-themes	depends	ttf-twemoji	ttf-twemoji	yes	upstream/illogical-impulse-system/sdata/dist-arch/illogical-impulse-fonts-themes/PKGBUILD
illogical-impulse-hyprland	depends	hyprland	hyprland	yes	upstream/illogical-impulse-system/sdata/dist-arch/illogical-impulse-hyprland/PKGBUILD
illogical-impulse-hyprland	depends	hyprsunset	hyprsunset	yes	upstream/illogical-impulse-system/sdata/dist-arch/illogical-impulse-hyprland/PKGBUILD
illogical-impulse-hyprland	depends	wl-clipboard	wl-clipboard	yes	upstream/illogical-impulse-system/sdata/dist-arch/illogical-impulse-hyprland/PKGBUILD
illogical-impulse-kde	depends	bluedevil	bluedevil	yes	upstream/illogical-impulse-system/sdata/dist-arch/illogical-impulse-kde/PKGBUILD
illogical-impulse-kde	depends	dolphin	dolphin	yes	upstream/illogical-impulse-system/sdata/dist-arch/illogical-impulse-kde/PKGBUILD
illogical-impulse-kde	depends	gnome-keyring	gnome-keyring	yes	upstream/illogical-impulse-system/sdata/dist-arch/illogical-impulse-kde/PKGBUILD
illogical-impulse-kde	depends	networkmanager	networkmanager	yes	upstream/illogical-impulse-system/sdata/dist-arch/illogical-impulse-kde/PKGBUILD
illogical-impulse-kde	depends	plasma-nm	plasma-nm	yes	upstream/illogical-impulse-system/sdata/dist-arch/illogical-impulse-kde/PKGBUILD
illogical-impulse-kde	depends	polkit-kde-agent	polkit-kde-agent	yes	upstream/illogical-impulse-system/sdata/dist-arch/illogical-impulse-kde/PKGBUILD
illogical-impulse-kde	depends	systemsettings	systemsettings	yes	upstream/illogical-impulse-system/sdata/dist-arch/illogical-impulse-kde/PKGBUILD
illogical-impulse-microtex-git	depends	cairomm	cairomm	yes	upstream/illogical-impulse-system/sdata/dist-arch/illogical-impulse-microtex-git/PKGBUILD
illogical-impulse-microtex-git	depends	gtkmm3	gtkmm3	yes	upstream/illogical-impulse-system/sdata/dist-arch/illogical-impulse-microtex-git/PKGBUILD
illogical-impulse-microtex-git	depends	gtksourceviewmm	gtksourceviewmm	yes	upstream/illogical-impulse-system/sdata/dist-arch/illogical-impulse-microtex-git/PKGBUILD
illogical-impulse-microtex-git	depends	tinyxml2	tinyxml2	yes	upstream/illogical-impulse-system/sdata/dist-arch/illogical-impulse-microtex-git/PKGBUILD
illogical-impulse-microtex-git	makedepends	cmake	cmake	yes	upstream/illogical-impulse-system/sdata/dist-arch/illogical-impulse-microtex-git/PKGBUILD
illogical-impulse-microtex-git	makedepends	git	git	yes	upstream/illogical-impulse-system/sdata/dist-arch/illogical-impulse-microtex-git/PKGBUILD
illogical-impulse-portal	depends	xdg-desktop-portal	xdg-desktop-portal	yes	upstream/illogical-impulse-system/sdata/dist-arch/illogical-impulse-portal/PKGBUILD
illogical-impulse-portal	depends	xdg-desktop-portal-gtk	xdg-desktop-portal-gtk	yes	upstream/illogical-impulse-system/sdata/dist-arch/illogical-impulse-portal/PKGBUILD
illogical-impulse-portal	depends	xdg-desktop-portal-hyprland	xdg-desktop-portal-hyprland	yes	upstream/illogical-impulse-system/sdata/dist-arch/illogical-impulse-portal/PKGBUILD
illogical-impulse-portal	depends	xdg-desktop-portal-kde	xdg-desktop-portal-kde	yes	upstream/illogical-impulse-system/sdata/dist-arch/illogical-impulse-portal/PKGBUILD
illogical-impulse-python	depends	clang	clang	yes	upstream/illogical-impulse-system/sdata/dist-arch/illogical-impulse-python/PKGBUILD
illogical-impulse-python	depends	gobject-introspection	gobject-introspection	yes	upstream/illogical-impulse-system/sdata/dist-arch/illogical-impulse-python/PKGBUILD
illogical-impulse-python	depends	gtk4	gtk4	yes	upstream/illogical-impulse-system/sdata/dist-arch/illogical-impulse-python/PKGBUILD
illogical-impulse-python	depends	libadwaita	libadwaita	yes	upstream/illogical-impulse-system/sdata/dist-arch/illogical-impulse-python/PKGBUILD
illogical-impulse-python	depends	libportal-gtk4	libportal-gtk4	yes	upstream/illogical-impulse-system/sdata/dist-arch/illogical-impulse-python/PKGBUILD
illogical-impulse-python	depends	libsoup3	libsoup3	yes	upstream/illogical-impulse-system/sdata/dist-arch/illogical-impulse-python/PKGBUILD
illogical-impulse-python	depends	uv	uv	yes	upstream/illogical-impulse-system/sdata/dist-arch/illogical-impulse-python/PKGBUILD
illogical-impulse-quickshell-git	depends	cpptrace	cpptrace	yes	upstream/illogical-impulse-system/sdata/dist-arch/illogical-impulse-quickshell-git/PKGBUILD
illogical-impulse-quickshell-git	depends	jemalloc	jemalloc	yes	upstream/illogical-impulse-system/sdata/dist-arch/illogical-impulse-quickshell-git/PKGBUILD
illogical-impulse-quickshell-git	depends	kdialog	kdialog	yes	upstream/illogical-impulse-system/sdata/dist-arch/illogical-impulse-quickshell-git/PKGBUILD
illogical-impulse-quickshell-git	depends	kirigami	kirigami	yes	upstream/illogical-impulse-system/sdata/dist-arch/illogical-impulse-quickshell-git/PKGBUILD
illogical-impulse-quickshell-git	depends	libdrm	libdrm	yes	upstream/illogical-impulse-system/sdata/dist-arch/illogical-impulse-quickshell-git/PKGBUILD
illogical-impulse-quickshell-git	depends	libpipewire	libpipewire	yes	upstream/illogical-impulse-system/sdata/dist-arch/illogical-impulse-quickshell-git/PKGBUILD
illogical-impulse-quickshell-git	depends	libxcb	libxcb	yes	upstream/illogical-impulse-system/sdata/dist-arch/illogical-impulse-quickshell-git/PKGBUILD
illogical-impulse-quickshell-git	depends	mesa	mesa	yes	upstream/illogical-impulse-system/sdata/dist-arch/illogical-impulse-quickshell-git/PKGBUILD
illogical-impulse-quickshell-git	depends	qt6-5compat	qt6-5compat	yes	upstream/illogical-impulse-system/sdata/dist-arch/illogical-impulse-quickshell-git/PKGBUILD
illogical-impulse-quickshell-git	depends	qt6-avif-image-plugin	qt6-avif-image-plugin	yes	upstream/illogical-impulse-system/sdata/dist-arch/illogical-impulse-quickshell-git/PKGBUILD
illogical-impulse-quickshell-git	depends	qt6-base	qt6-base	yes	upstream/illogical-impulse-system/sdata/dist-arch/illogical-impulse-quickshell-git/PKGBUILD
illogical-impulse-quickshell-git	depends	qt6-declarative	qt6-declarative	yes	upstream/illogical-impulse-system/sdata/dist-arch/illogical-impulse-quickshell-git/PKGBUILD
illogical-impulse-quickshell-git	depends	qt6-imageformats	qt6-imageformats	yes	upstream/illogical-impulse-system/sdata/dist-arch/illogical-impulse-quickshell-git/PKGBUILD
illogical-impulse-quickshell-git	depends	qt6-multimedia	qt6-multimedia	yes	upstream/illogical-impulse-system/sdata/dist-arch/illogical-impulse-quickshell-git/PKGBUILD
illogical-impulse-quickshell-git	depends	qt6-positioning	qt6-positioning	yes	upstream/illogical-impulse-system/sdata/dist-arch/illogical-impulse-quickshell-git/PKGBUILD
illogical-impulse-quickshell-git	depends	qt6-quicktimeline	qt6-quicktimeline	yes	upstream/illogical-impulse-system/sdata/dist-arch/illogical-impulse-quickshell-git/PKGBUILD
illogical-impulse-quickshell-git	depends	qt6-sensors	qt6-sensors	yes	upstream/illogical-impulse-system/sdata/dist-arch/illogical-impulse-quickshell-git/PKGBUILD
illogical-impulse-quickshell-git	depends	qt6-svg	qt6-svg	yes	upstream/illogical-impulse-system/sdata/dist-arch/illogical-impulse-quickshell-git/PKGBUILD
illogical-impulse-quickshell-git	depends	qt6-svg	qt6-svg	yes	upstream/illogical-impulse-system/sdata/dist-arch/illogical-impulse-quickshell-git/PKGBUILD
illogical-impulse-quickshell-git	depends	qt6-tools	qt6-tools	yes	upstream/illogical-impulse-system/sdata/dist-arch/illogical-impulse-quickshell-git/PKGBUILD
illogical-impulse-quickshell-git	depends	qt6-translations	qt6-translations	yes	upstream/illogical-impulse-system/sdata/dist-arch/illogical-impulse-quickshell-git/PKGBUILD
illogical-impulse-quickshell-git	depends	qt6-virtualkeyboard	qt6-virtualkeyboard	yes	upstream/illogical-impulse-system/sdata/dist-arch/illogical-impulse-quickshell-git/PKGBUILD
illogical-impulse-quickshell-git	depends	qt6-wayland	qt6-wayland	yes	upstream/illogical-impulse-system/sdata/dist-arch/illogical-impulse-quickshell-git/PKGBUILD
illogical-impulse-quickshell-git	depends	syntax-highlighting	syntax-highlighting	yes	upstream/illogical-impulse-system/sdata/dist-arch/illogical-impulse-quickshell-git/PKGBUILD
illogical-impulse-quickshell-git	depends	wayland	wayland	yes	upstream/illogical-impulse-system/sdata/dist-arch/illogical-impulse-quickshell-git/PKGBUILD
illogical-impulse-quickshell-git	makedepends	cli11	cli11	yes	upstream/illogical-impulse-system/sdata/dist-arch/illogical-impulse-quickshell-git/PKGBUILD
illogical-impulse-quickshell-git	makedepends	cmake	cmake	yes	upstream/illogical-impulse-system/sdata/dist-arch/illogical-impulse-quickshell-git/PKGBUILD
illogical-impulse-quickshell-git	makedepends	git	git	yes	upstream/illogical-impulse-system/sdata/dist-arch/illogical-impulse-quickshell-git/PKGBUILD
illogical-impulse-quickshell-git	makedepends	ninja	ninja	yes	upstream/illogical-impulse-system/sdata/dist-arch/illogical-impulse-quickshell-git/PKGBUILD
illogical-impulse-quickshell-git	makedepends	qt6-shadertools	qt6-shadertools	yes	upstream/illogical-impulse-system/sdata/dist-arch/illogical-impulse-quickshell-git/PKGBUILD
illogical-impulse-quickshell-git	makedepends	spirv-tools	spirv-tools	yes	upstream/illogical-impulse-system/sdata/dist-arch/illogical-impulse-quickshell-git/PKGBUILD
illogical-impulse-quickshell-git	makedepends	vulkan-headers	vulkan-headers	yes	upstream/illogical-impulse-system/sdata/dist-arch/illogical-impulse-quickshell-git/PKGBUILD
illogical-impulse-quickshell-git	makedepends	wayland	wayland	yes	upstream/illogical-impulse-system/sdata/dist-arch/illogical-impulse-quickshell-git/PKGBUILD
illogical-impulse-quickshell-git	makedepends	wayland-protocols	wayland-protocols	yes	upstream/illogical-impulse-system/sdata/dist-arch/illogical-impulse-quickshell-git/PKGBUILD
illogical-impulse-screencapture	depends	hyprshot	hyprshot	yes	upstream/illogical-impulse-system/sdata/dist-arch/illogical-impulse-screencapture/PKGBUILD
illogical-impulse-screencapture	depends	slurp	slurp	yes	upstream/illogical-impulse-system/sdata/dist-arch/illogical-impulse-screencapture/PKGBUILD
illogical-impulse-screencapture	depends	swappy	swappy	yes	upstream/illogical-impulse-system/sdata/dist-arch/illogical-impulse-screencapture/PKGBUILD
illogical-impulse-screencapture	depends	tesseract	tesseract	yes	upstream/illogical-impulse-system/sdata/dist-arch/illogical-impulse-screencapture/PKGBUILD
illogical-impulse-screencapture	depends	tesseract-data-eng	tesseract-data-eng	yes	upstream/illogical-impulse-system/sdata/dist-arch/illogical-impulse-screencapture/PKGBUILD
illogical-impulse-screencapture	depends	wf-recorder	wf-recorder	yes	upstream/illogical-impulse-system/sdata/dist-arch/illogical-impulse-screencapture/PKGBUILD
illogical-impulse-toolkit	depends	upower	upower	yes	upstream/illogical-impulse-system/sdata/dist-arch/illogical-impulse-toolkit/PKGBUILD
illogical-impulse-toolkit	depends	wtype	wtype	yes	upstream/illogical-impulse-system/sdata/dist-arch/illogical-impulse-toolkit/PKGBUILD
illogical-impulse-toolkit	depends	ydotool	ydotool	yes	upstream/illogical-impulse-system/sdata/dist-arch/illogical-impulse-toolkit/PKGBUILD
illogical-impulse-widgets	depends	fuzzel	fuzzel	yes	upstream/illogical-impulse-system/sdata/dist-arch/illogical-impulse-widgets/PKGBUILD
illogical-impulse-widgets	depends	glib2	glib2	yes	upstream/illogical-impulse-system/sdata/dist-arch/illogical-impulse-widgets/PKGBUILD
illogical-impulse-widgets	depends	hypridle	hypridle	yes	upstream/illogical-impulse-system/sdata/dist-arch/illogical-impulse-widgets/PKGBUILD
illogical-impulse-widgets	depends	hyprlock	hyprlock	yes	upstream/illogical-impulse-system/sdata/dist-arch/illogical-impulse-widgets/PKGBUILD
illogical-impulse-widgets	depends	hyprpicker	hyprpicker	yes	upstream/illogical-impulse-system/sdata/dist-arch/illogical-impulse-widgets/PKGBUILD
illogical-impulse-widgets	depends	imagemagick	imagemagick	yes	upstream/illogical-impulse-system/sdata/dist-arch/illogical-impulse-widgets/PKGBUILD
illogical-impulse-widgets	depends	libqalculate	libqalculate	yes	upstream/illogical-impulse-system/sdata/dist-arch/illogical-impulse-widgets/PKGBUILD
illogical-impulse-widgets	depends	songrec	songrec	yes	upstream/illogical-impulse-system/sdata/dist-arch/illogical-impulse-widgets/PKGBUILD
illogical-impulse-widgets	depends	translate-shell	translate-shell	yes	upstream/illogical-impulse-system/sdata/dist-arch/illogical-impulse-widgets/PKGBUILD
illogical-impulse-widgets	depends	wlogout	wlogout	yes	upstream/illogical-impulse-system/sdata/dist-arch/illogical-impulse-widgets/PKGBUILD
